{"cameraMode":{"drawMode":0,"name":"Shaded","section":"Shading Mode"},"sceneLighting":true,"audioPlay":false,"sceneViewState":{"showFog":true,"showMaterialUpdate":false,"showSkybox":true,"showFlares":true,"showImageEffects":true,"showParticleSystems":true},"in2DMode":false,"pivot":{"x":0.3762325644493103,"y":2.2828445434570314,"z":-3.0660173892974855},"rotation":{"x":0.20257344841957093,"y":0.01175088994204998,"z":-0.002431000815704465,"w":0.9791935086250305},"size":3.273054599761963,"orthographic":false}