{"cameraMode":{"drawMode":0,"name":"Shaded","section":"Shading Mode"},"sceneLighting":true,"audioPlay":false,"sceneViewState":{"showFog":true,"showMaterialUpdate":false,"showSkybox":true,"showFlares":true,"showImageEffects":true,"showParticleSystems":true},"in2DMode":false,"pivot":{"x":4.528445243835449,"y":0.8630924224853516,"z":2.585733413696289},"rotation":{"x":-0.2325894832611084,"y":0.03557855635881424,"z":-0.008515938185155392,"w":-0.971891462802887},"size":10.67364501953125,"orthographic":false}