{"cameraMode":{"drawMode":0,"name":"Shaded","section":"Shading Mode"},"sceneLighting":false,"audioPlay":false,"sceneViewState":{"showFog":true,"showMaterialUpdate":false,"showSkybox":false,"showFlares":true,"showImageEffects":true,"showParticleSystems":true},"in2DMode":false,"pivot":{"x":-5.963254928588867,"y":4.025507926940918,"z":-3.974677324295044},"rotation":{"x":0.29933422803878786,"y":-0.6897677779197693,"z":0.3866370916366577,"w":0.5340006947517395},"size":6.5493855476379398,"orthographic":false}