{"cameraMode":{"drawMode":0,"name":"Shaded","section":"Shading Mode"},"sceneLighting":false,"audioPlay":false,"sceneViewState":{"showFog":true,"showMaterialUpdate":false,"showSkybox":false,"showFlares":true,"showImageEffects":true,"showParticleSystems":true},"in2DMode":false,"pivot":{"x":-2.509396553039551,"y":1.8225033283233643,"z":-3.8453516960144045},"rotation":{"x":-0.24567756056785584,"y":0.11109348386526108,"z":-0.028360068798065187,"w":-0.9625579714775086},"size":5.47339391708374,"orthographic":false}